staff,hotel staff,excellent,0.9999814034145516
staff,staff,always helpful,0.9999623301350056
staff,Staff,amazingly helpful,0.9999669792365466
staff,Staff,went above and beyond,0.9999644758871682
staff,Staff,friendly,0.9999781847956797
staff,Staff,helpful,0.9998862770795114
staff,staff,Superb,0.9999822378747467
staff,staff,excellent,0.999981403411013
staff,Staff at the hotel,very helpful,0.9999520783394615
staff,staff,Lovely,0.9999762774586429
staff,staff,great,0.999981403411013
staff,Staff,always here for taking care,0.9999744893317484
staff,staff,excellent,0.999981403411013
staff,Staff,amazing,0.9999854565040778
staff,Staff,really made the effort to make our stay special.,0.999966740836129
staff,staff,amazing,0.9999854565040778
staff,staff,excellent,0.999981403411013
staff,staff,very attentive,0.9999073763502224
staff,Staff,very professional,0.9999607804576556
staff,staff,OK,0.5
staff,staff,did not offer me the family room that i used to stay on,0.001643118243443098
staff,staff,friendly,0.9999781847956797
staff,Staff,would always try to accommodate any requests,0.9532211939994504
staff,staff,Great,0.999981403411013
staff,staff,superb,0.9999822378747467
staff,staff,so helpful,0.9999541048258891
staff,staff,friendly,0.9999781847956797
staff,staff,exceptional,0.999985337296124
staff,Staff,amazing,0.9999854565040778
staff,staff,helpful,0.9998862770795114
staff,staff,super friendly,0.9999775887477398
staff,staff,much better if in the hotel rate as it was EXPENSIVE of not included,0.006923844378512456
staff,staff,outstanding,0.999982476286732
staff,staff,friendliness,0.9999586347433365
staff,staff,friendly,0.9999781847956797
staff,staff,so professional,0.9999450451871894
staff,staff,very friendly,0.9999758006243837
staff,staff,friendly,0.9999781847956797
staff,staff,impeccable,0.9999760390530241
staff,staff,made our stay extra special,0.9999769927073885
staff,staff,super helpful in every way,0.9999694826052377
staff,spa faculties,could do with an updating,0.1056227993642409
staff,staff,extremely helpful,0.9999380119421488
staff,restaurant Staff,Great,0.9999803305358057
staff,restaurant Staff,not at all in line with the level of the restaurant prices and the hotel 5 stars level,0.43582959253473774
staff,restaurant Staff,very helpful to guide the family throughout their stay,0.9998989126713553
staff,staff,attentive,0.9996920458266914
staff,staff,make you feel welcome,0.9999816418297769
staff,staff,really friendly,0.9999750853745013
staff,staff,Friendly,0.9999781847956797
staff,staff,amazing,0.9999854565040778
staff,staff,beautiful,0.9999850988843377
staff,staff,incredible,0.999977469540454
staff,staff,special,0.9979419515566867
staff,staff,friendly,0.9999781847956797
staff,staff,maintained to very high standard,0.9993663731952971
staff,people,"working in the spa, bar staff and more",0.9625082663301079
staff,staff,wonderful,0.9999848604596195
staff,staff,extremely helpful,0.9999380119421488
staff,staff,must work very hard to maintain the standard of the place,0.5
staff,staff,superb.,0.9999827147136102
staff,staff,accommodating,0.9999096412490189
staff,staff,friendly,0.9999781847956797
staff,staff,kind,0.9999685289473632
staff,staff,accommodating,0.9999096412490189
staff,staff,so friendly,0.9999662640018414
staff,staff,friendly,0.9999781847956797
staff,staff,professional,0.9989130961534975
staff,staff,fantastic,0.999984502833982
staff,staff,friendly,0.9999781847956797
staff,staff,great,0.999981403411013
staff,staff,immaculately clean,0.9999703170861096
staff,staff,perfect,0.9999853373003873
staff,checkin staff,immediately said no because I didn't pay for family package,0.011162886644520142
staff,staff,very helpful,0.9999599459865607
staff,staff,Amazing,0.9999854565040778
staff,staff,friendly,0.9999781847956797
staff,staff,great,0.999981403411013
staff,staff,made us feel very welcome,0.9999847412545932
staff,staff,amazing,0.9999854565040778
staff,staff,amazing,0.9999854565040778
staff,staff,couldn‚Äôt have been nicer,0.9895308352776908
staff,Staff,brilliant,0.9999829531231796
staff,staff,great,0.999981403411013
staff,Staff,so attentive,0.9995065324826236
staff,staff,very welcoming,0.9999619725314801
staff,Staff,attentive,0.9996920458266914
staff,Staff,so happy,0.9999697210114533
staff,staff,Nice,0.9999735356682464
staff,staff,helpful,0.9998862770795114
staff,staff,Very pleasant,0.9999748469603844
staff,staff,friendly,0.9999781847956797
staff,staff,helpful,0.9998862770795114
staff,staff,Extremely attentive,0.9994294845187852
staff,staff,amazing,0.9999854565040778
staff,STAFF AT BREAKFAST,EXCEPTIONAL,0.9999784232105071
staff,staff,brilliant from start to finish,0.9999830723388641
staff,staff,made us feel welcome the whole time,0.9999754429971972
staff,staff,need addressing,0.001534189180915746
staff,staff,very friendly,0.9999758006243837
staff,staff,very attentive,0.9999073763502224
staff,staff,always happy to help whenever I needed anything,0.9999109520546483
staff,staff,lovely,0.9999762774586429
staff,staff,helpful,0.9998862770795114
staff,Front staff,very welcoming,0.9999696018215047
staff,staff,exceptional,0.999985337296124
staff,staff,lovely,0.9999762774586429
staff,staff,so helpful,0.9999541048258891
staff,Staff,could have done with a night stand on both sides of the bed.,0.000511762925874848
staff,Staff,made us feel welcome,0.9999824762901426
staff,Staff,very friendly,0.9999758006243837
staff,staff,attentive,0.9996920458266914
staff,staff,did everything to make us feel comfortable,0.9999618533311008
staff,staff,lovely,0.9999762774586429
staff,staff,Great,0.999981403411013
staff,staff,impossible to adjust the room temperature to idea temperature,0.0005684962109029357
staff,staff,friendly,0.9999781847956797
staff,staff,excellent,0.999981403411013
staff,staff,great,0.999981403411013
staff,Staff,extremely courteous,0.9999079722260831
staff,staff,accommodating,0.9999096412490189
staff,staff,exceptionally helpful,0.9999575618589205
staff,staff,very helpful,0.9999599459865607
staff,I,then asked on departure if I wanted to reward the staff,0.014860788960803006
staff,staff,extremely accommodating,0.9992181338869699
staff,Staff,fantastic,0.999984502833982
staff,room service staff,a little bit rude,0.0002577151997229521
staff,staff,extremely friendly,0.9999566081937701
staff,staff,very attentive,0.9999073763502224
staff,staff,efficient,0.9999666216245799
staff,staff,friendly,0.9999781847956797
staff,staff,very welcoming,0.9999619725314801
staff,staff,all amazing,0.9999870062196692
staff,staff,great,0.999981403411013
staff,staff,lovely,0.9999762774586429
staff,staff,really nice,0.99996447587354
staff,staff,all really friendly and efficient,0.9999785424202514
staff,staff,friendly,0.9999781847956797
staff,staff,So much choice.,0.9999403960587188
staff,staff,Very curtious,0.00182752659389962
staff,staff,classy,0.9998836549839183
staff,staff,friendly,0.9999781847956797
staff,staff,spacious,0.9999704362701323
staff,staff,spotless,0.00027642820859341555
staff,staff,amazing,0.9999854565040778
staff,staff,very courteous,0.9999613764853166
staff,staff,very short about parking at the front whilst unloading,0.001973878320445266
staff,Staff,very friendly,0.9999758006243837
staff,Staff,unfailingly helpful,0.9999428993981496
staff,staff,extremely polite,0.999761475022126
staff,staff,very accommodating,0.9998549271087711
staff,staff,so friendly and accommodating,0.999935747130678
staff,Staff,exceptional,0.999985337296124
staff,staff,Fabulous,0.9999872446374525
staff,staff,friendly,0.9999781847956797
staff,staff,very   friendly,0.9999758006243837
staff,staff,go above and beyond,0.9999701978518516
staff,staff,oozes style and class,0.9999731780675347
staff,staff,always walked with a smile,0.9999846220507891
staff,staff,amazing,0.9999854565040778
staff,staff,very polite,0.9999061841096761
staff,staff,beautiful,0.9999850988843377
staff,staff,excellent,0.999981403411013
staff,staff and breakfast,on offer.,0.9990539240695995
staff,staff,very friendly,0.9999758006243837
staff,Staff,happy,0.999983668377098
staff,Staff,responsive,0.9999625685637312
staff,Staff,willing to take the extra mile for you,0.9991689090147879
staff,staff,Fabulous,0.9999872446374525
staff,staff,very friendly,0.9999758006243837
staff,staff,accommodating,0.9999096412490189
staff,staff,amazing,0.9999854565040778
staff,Staff,great,0.999981403411013
staff,Staff,always so lovely,0.9999809265881936
staff,staff,amazing,0.9999854565040778
staff,staff,welcoming,0.9999780655822263
staff,staff,wonderful,0.9999848604596195
staff,staff,attentive,0.9996920458266914
staff,staff,approached us to tell us about the story of the paintings as well as of the hotel,0.9777168860065295
staff,staff,friendly,0.9999781847956797
staff,all the Staff,helpful,0.9999675752722936
staff,staff,good,0.9999847412527174
staff,staff,friendly,0.9999781847956797
staff,staff,very helpful,0.9999599459865607
staff,staff,attentive,0.9996920458266914
staff,staff,very friendly,0.9999758006243837
staff,staff,attentive,0.9996920458266914
staff,staff,professional,0.9989130961534975
staff,staff,all so attentive,0.9998705425903296
staff,staff,exceptional,0.999985337296124
staff,I,liked everything about it from environment to staff,0.999980807381462
staff,staff,excellent,0.999981403411013
staff,staff,very helpful,0.9999599459865607
staff,Staff,very lovely,0.9999754430057237
staff,staff,Very clean,0.9999536280471943
staff,staff,friendly,0.9999781847956797
staff,staff,excellent,0.999981403411013
staff,staff,couldn‚Äôt be more helpful.,0.9383454221921106
staff,Staff,extremely professional,0.9999369391248365
staff,door staff and reception staff,courteous,0.9999467139992646
staff,staff,very helpful,0.9999599459865607
staff,staff,made my stay a memorable one,0.9999839067917264
staff,bar staff,need to refresh their knowledge on (classic) cocktails and beers on offer,0.09616965129927735
staff,Hotel staff,did not seem to ask them to quieten,0.42818908323668126
staff,Staff,very helpful,0.9999599459865607
staff,staff,very kind,0.999974846963255
staff,staff,helpful,0.9998862770795114
staff,staff,very friendly,0.9999758006243837
staff,staff,Very good,0.999984860463428
staff,staff,amazing,0.9999854565040778
staff,staff,incredibly helpful,0.9999583962892018
staff,Staff,can‚Äôt do enough for you.,0.024789652529776163
staff,staff,helpful,0.9998862770795114
staff,staff,delicious,0.9999853372987673
staff,staff,very friendly,0.9999758006243837
staff,Staff,very helpful,0.9999599459865607
staff,Staff,exceptional,0.999985337296124
staff,staff,felt safe to use,0.9997226748367467
staff,staff,friendly,0.9999781847956797
staff,staff,smells lovely,0.9999847412563554
staff,staff,v helpful,0.9998914029150399
staff,staff,exceptional,0.999985337296124
staff,staff,so attentive,0.9995065324826236
staff,staff,fantasticly friendly,0.9999839067937444
staff,staff,Fabulous,0.9999872446374525
staff,staff,lovely,0.9999762774586429
staff,staff,so generous,0.9999495749949006
staff,staff,always helpful,0.9999623301350056
staff,staff,liging,0.9939775045370354
staff,staff,Fantastic,0.999984502833982
staff,staff,amazing,0.9999854565040778
staff,staff,beautiful,0.9999850988843377
staff,staff,friendly,0.9999781847956797
staff,staff,helpful,0.9998862770795114
staff,Staff,Beautiful,0.9999850988843377
staff,Staff,friendly,0.9999781847956797
staff,staff,kindly kept it open after closing for me and my family,0.9946635899493117
staff,staff,Helpful,0.9998862770795114
staff,staff,Large,0.9997462759534983
staff,staff,Pricey,0.02310863163593524
staff,staff,worth every penny,0.9998298950893059
staff,staff,really nice,0.99996447587354
staff,staff,Friendly,0.9999781847956797
staff,staff,just as they where described online.,0.47891003031200086
staff,staff,Lovely,0.9999762774586429
staff,staff,lovely,0.9999762774586429
staff,staff,excellent,0.999981403411013
staff,staff,fantastic,0.999984502833982
staff,staff,Friendly,0.9999781847956797
staff,Staff,exceptional,0.999985337296124
staff,Staff,very professional,0.9999607804576556
staff,Staff,friendly,0.9999781847956797
staff,Staff,lovely,0.9999762774586429
staff,staff,paid attention to details,0.9999463563702875
staff,staff,very pleasant,0.9999748469603844
staff,staff,Very nice,0.9999700786451626
staff,staff,great,0.999981403411013
staff,Staff,extremely polite,0.999761475022126
staff,Staff,professional,0.9989130961534975
staff,Staff,great,0.999981403411013
staff,Staff,very accommodating,0.9998549271087711
staff,staff,just made everything effortless,0.9998918797533918
staff,staff,lovely,0.9999762774586429
staff,staff,very understating,0.5
staff,staff,with having the children,0.9998626748938335
staff,staff,Very attentive,0.9999073763502224
staff,staff,Very friendly,0.9999758006243837
staff,staff,gorgeous,0.9999834299658517
staff,staff,great,0.999981403411013
staff,staff,attention detail,0.9998750721749161
staff,staff,amazing,0.9999854565040778
staff,staff,friendly,0.9999781847956797
staff,staff,amazing,0.9999854565040778
staff,staff,very friendly,0.9999758006243837
staff,Staff,all very friendly,0.9999773503331681
staff,Staff,so had to park in an NCP near by,0.0553155949337345
staff,Staff,went above and beyond for any request that was made,0.9998289410503673
staff,Cleaning Staff,.,0.5
staff,staff,exceptionally polite,0.9999511246759312
staff,staff members,amazing,0.9999868870122555
staff,staff,went out of their way to satisfy,0.02433076782697796
staff,staff,very helpful,0.9999599459865607
staff,front desk staff,could have been a little nicer,0.0012778375411457432
staff,Staff,fantastic,0.999984502833982
staff,Staff,very attentive,0.9999073763502224
staff,staff,attentive,0.9996920458266914
staff,staff,welcoming,0.9999780655822263
staff,staff,wonderful,0.9999848604596195
staff,staff,very friendly,0.9999758006243837
staff,other staff,perfection,0.9999403961569442
staff,staff,friendly,0.9999781847956797
staff,staff,helpful,0.9998862770795114
staff,staff,so friendly,0.9999662640018414
staff,staff,so profess,0.30320729252817813
staff,Staff,helpful,0.9998862770795114
staff,Staff,so friendly,0.9999662640018414
staff,staff,curtious,0.002102471164661779
staff,staff,"all so happy, welcoming &amp; friendly",0.9999841452173541
staff,staff,really stood out,0.9999134556881728
staff,service from staff,Great,0.9999717475459136
staff,staff,Very professional,0.9999607804576556
staff,staff,friendly,0.9999781847956797
staff,staff,very helpful,0.9999599459865607
staff,staff,so friendly,0.9999662640018414
staff,staff,paid great attention to detail to our stay,0.999969482596498
staff,staff,really took good care,0.9999810457958631
staff,staff,very accommodating,0.9998549271087711
staff,staff,attentive,0.9996920458266914
staff,staff,pleasant,0.9999786616215829
staff,staff,couldn‚Äôt help you enough,0.9645035052400353
staff,staff,amazing,0.9999854565040778
staff,staff,work so hard all day long,0.060830166048525314
staff,Staff,where impressive,0.9999809265830066
staff,staff,amazing,0.9999854565040778
staff,staff,all superb,0.999984860465986
staff,staff,amazing,0.9999854565040778
staff,staff,work so hard to make sure the guests have a good time.,0.9995604030292746
staff,Staff,well worth the money,0.9999274025594502
staff,staff,very friendly,0.9999758006243837
staff,staff,lovely,0.9999762774586429
staff,staff,Warm,0.999976277468761
staff,staff,lovely,0.9999762774586429
staff,staff,welcoming,0.9999780655822263
staff,Staff,goes out of their way to serve and accommodate you,0.6526259660567071
staff,staff,Super helpful,0.9999669792346424
staff,staff,enjoyed serving guests.,0.9999824762932974
staff,staff,exceptional from start to finish.,0.9999849796770377
staff,staff,polite,0.9994487883082925
staff,of the staff,have been retained,0.9972044516642526
staff,staff,lovely,0.9999762774586429
staff,staff,efficient,0.9999666216245799
staff,staff,polite,0.9994487883082925
staff,staff,very attentive,0.9999073763502224
staff,staff,all really friendly,0.9999774695417614
staff,staff,made us feel comfortable for our entire stay,0.9999748469574001
staff,staff,Friendly,0.9999781847956797
staff,Staff,extremely friendly,0.9999566081937701
staff,staff,friendly,0.9999781847956797
staff,staff,helpful,0.9998862770795114
staff,Staff,very attentive,0.9999073763502224
staff,staff,full for the whole time we were there due to Covid restrictions,0.0011652808030717665
staff,staff,lovely,0.9999762774586429
staff,staff,very friendly and helpful,0.9999748469673477
staff,staff,Great,0.999981403411013
staff,staff,great with the kids,0.9999774695289716
staff,staff,helpful,0.9998862770795114
staff,staff,pleasant,0.9999786616215829
staff,staff,really lovely,0.999975323793052
staff,staff,absolutely delightful,0.9999846220466679
staff,staff,couldn‚Äôt be nicer and do more for us,0.999915720675773
staff,staff,Wonderful,0.9999848604596195
staff,staff,great,0.999981403411013
staff,staff,wonderful,0.9999848604596195
staff,staff,impeccable,0.9999760390530241
staff,staff,iscussion,0.0007558357518462344
staff,staff,when calling to book a slot or confirming the slot at the front desk,0.5
staff,staff,always go the extra mile,0.9999636414161728
staff,staff,polite,0.9994487883082925
staff,staff,very friendly,0.9999758006243837
staff,staff,amazing,0.9999854565040778
staff,staff,excellent,0.999981403411013
staff,staff,instructed me to come down in my swimming costume from my room ready for the spa,0.27566507730311685
staff,staff,helpful,0.9998862770795114
staff,staff,friendly,0.9999781847956797
staff,staff,had all the necessary COVID-19 prevention measures in place,0.9993464018373643
staff,staff,impeccable,0.9999760390530241
staff,staff,incredibly helpful,0.9999583962892018
staff,staff,nice at all facilities,0.9999789000308112
staff,Staff,amazing,0.9999854565040778
staff,staff,great,0.999981403411013
staff,staff,always on hand for everything and anything,0.9998453901841344
staff,We,had been given every courtesy by the staff from the moment we entered,0.9981080810486702
staff,staff,cannot do enough for you,0.004265541593042599
staff,staff,exceptionally friendly,0.9999809265830066
staff,staff,helpful,0.9998862770795114
staff,staff,too much,0.002781127449459575
staff,staff,wonderful,0.9999848604596195
staff,service from all the staff,Fantastic,0.9999837875877802
staff,staff,exceptional,0.999985337296124
staff,staff,very attentive,0.9999073763502224
staff,staff,Very helpful,0.9999599459865607
staff,staff,amazing,0.9999854565040778
staff,staff,couldn‚Äôt do enough for you,0.07340797336471994
staff,Staff,excellent,0.999981403411013
staff,Staff,very accommodating,0.9998549271087711
staff,Staff,really nice,0.99996447587354
staff,staff,friendly,0.9999781847956797
staff,staff,helpful,0.9998862770795114
staff,staff,super friendly,0.9999775887477398
staff,staff,with lots of choices,0.9999701978450304
staff,staff,great,0.999981403411013
staff,staff,very good,0.999984860463428
staff,Staff at the entrance,could be more helpful,0.000465821142825007
staff,staff,friendly,0.9999781847956797
staff,staff,perfect friendly,0.9999821186700757
staff,staff,friendly,0.9999781847956797
staff,staff,warm,0.999976277468761
staff,staff,Courteous,0.9999570850297346
staff,Staff,helpful,0.9998862770795114
staff,Staff,very friendly,0.9999758006243837
staff,staff at lobby bar,terrible,0.00035682420219274036
staff,staff,eager to do anything to make your stay more enjoyable,0.9965265027769412
staff,Staff,Great,0.999981403411013
staff,Staff,Excellent,0.999981403411013
staff,staff,friendly professional,0.9999648335040092
staff,staff,nice,0.9999735356682464
staff,staff,Great,0.999981403411013
staff,Staff,"always smiling , helpful and polite",0.9999824762942922
staff,Rupert and Vladimir‚Äôs at the Enterance Of the Hotel sooo lovely üòä thank you All breakfast morning staff,sooo lovely,0.9999687673926019
staff,Staff,wonderful,0.9999848604596195
staff,staff,attentive,0.9996920458266914
staff,staff,so lovely,0.9999812842112021
staff,Staff from the doorman to the chambermaid ‚Äú everyone‚Äù,felt really welcoming,0.9999434954746818
staff,Staff from the doorman to the chambermaid ‚Äú everyone‚Äù,outstanding,0.9999535088147695
staff,staff,helpful,0.9998862770795114
staff,I,informed the staff,0.5
staff,staff,smiling,0.9999839067965581
staff,staff,clean,0.9999537472667015
staff,staff,excellent,0.999981403411013
staff,staff,good,0.9999847412527174
staff,staff,large,0.9997462759534983
staff,staff,making sure our stay was as nice as possible,0.9997517589060436
staff,staff,super attentive,0.9998840125695381
staff,staff,very courteous,0.9999613764853166
staff,staff,very pleasant,0.9999748469603844
staff,Staff,amazing,0.9999854565040778
staff,staff,very helpful,0.9999599459865607
staff,Staff,very slow,0.00030128135959728297
staff,staff,Very pleasant,0.9999748469603844
staff,staff,helpful,0.9998862770795114
staff,Staff,friendly,0.9999781847956797
staff,Staff,very helpful,0.9999599459865607
staff,staff,friendly,0.9999781847956797
staff,staff,helpful,0.9998862770795114
staff,staff,Friendly,0.9999781847956797
staff,staff,frinedliness,0.013621865751829887
staff,staff,genuine warmth,0.9999853372970335
staff,staff,helpful,0.9998862770795114
staff,staff,quite,0.9996202350008723
staff,staff,friendly,0.9999781847956797
staff,Staff,Helpful,0.9998862770795114
staff,staff,Hardly,0.011050979356696189
staff,staff,very friendly,0.9999758006243837
staff,staff,Fantastic,0.999984502833982
staff,staff,genuinely warm,0.9999835491737485
staff,staff,very welcoming,0.9999619725314801
staff,staff,Amazing,0.9999854565040778
staff,staff,very nice,0.9999700786451626
staff,staff,beautiful,0.9999850988843377
staff,staff,very helpful,0.9999599459865607
staff,staff,beautiful,0.9999850988843377
staff,staff,friendly,0.9999781847956797
staff,staff for breakfast,Not enough,0.1667974392773175
staff,staff,polite,0.9994487883082925
staff,staff,very accommodating,0.9998549271087711
staff,staff,helpful,0.9998862770795114
staff,staff,left you waiting for considerable period in the area outside the restaurant,0.006108124651877489
staff,staff,Friendly,0.9999781847956797
staff,staff,welcoming,0.9999780655822263
staff,restaurant staff,dark,0.0005806477988841152
staff,staff,where amazing,0.9999866485913458
staff,staff,clean,0.9999537472667015
staff,staff,wonderfully friendly,0.9999786616215829
staff,Staff,EPIC,0.9999306211223029
staff,Staff,attentive,0.9996920458266914
staff,staff,so helpful,0.9999541048258891
staff,staff,nice,0.9999735356682464
staff,staff,a bit stretched,0.000762032255146039
staff,staff,just told you the room,0.6228209626079888
staff,staff,very nice,0.9999700786451626
staff,Staff,brilliant,0.9999829531231796
staff,staff,very attentive,0.9999073763502224
staff,staff,extremely friendly,0.9999566081937701
staff,staff,polite,0.9994487883082925
staff,staff,professional,0.9989130961534975
staff,staff,helpful,0.9998862770795114
staff,staff,very friendly,0.9999758006243837
staff,door staff,very helpf,0.9996653465499961
staff,staff,friendly,0.9999781847956797
staff,staff,helpful,0.9998862770795114
staff,staff,Extremely clean,0.9998976015241396
staff,staff,brilliant,0.9999829531231796
staff,staff,Great,0.999981403411013
staff,staff,attentive,0.9996920458266914
staff,staff,very helpful,0.9999599459865607
staff,staff,Very grand,0.9999703170634007
staff,staff,fantastic,0.999984502833982
staff,Staff,an asset to them,0.9999017732058633
staff,Staff,very very helpful,0.9999665024054138
staff,staff at breakfast,excellent,0.9999742509207863
staff,maintenance staff,amazing,0.9999789000376325
staff,staff,Friendly,0.9999781847956797
staff,staff i,respect so much,0.9999638798099681
staff,staff,a little unfriendly,0.0012815326968720342
staff,Staff,very accommodating,0.9998549271087711
staff,staff,Big,0.9997857909193897
staff,staff,friendly,0.9999781847956797
staff,Staff at breakfast,disorganised,0.013164723301798631
staff,Staff at breakfast,not good,0.0017472697192602027
staff,Staff at breakfast,rude,0.0011877795275552216
staff,staff,friendly,0.9999781847956797
staff,staff,clean,0.9999537472667015
staff,staff,professional,0.9989130961534975
staff,staff,very friendly,0.9999758006243837
staff,staff,very friendly,0.9999758006243837
staff,staff,Lovely,0.9999762774586429
staff,staff,excellent,0.999981403411013
staff,Staff,very friendly,0.9999758006243837
staff,Checking staff,went above and beyond to take my booking notes regarding my visiting purpose,0.9999176276880348
staff,members of the staff,need some extra training in dealing with people,0.0004689210106647579
staff,staff,excellent,0.999981403411013
staff,staff,polite,0.9994487883082925
staff,staff,wonderful,0.9999848604596195
staff,staff,very nice,0.9999700786451626
staff,Staff,so attentive,0.9995065324826236
staff,Staff,went above and beyond with our special request,0.9999606612112899
staff,Staff,friendly,0.9999781847956797
staff,Staff,helpful,0.9998862770795114
staff,staff,behave like they are doing us a favour by giving us a room Unhelpful,0.00020860612175965798
staff,staff,courteous,0.9999570850297346
staff,staff,very attentive,0.9999073763502224
staff,staff,need better customer service training,0.0004477648897562858
staff,staff,New,0.8795890856012889
staff,staff,Lovely,0.9999762774586429
staff,staff,friendly,0.9999781847956797
staff,staff,lovely,0.9999762774586429
staff,staff,not the most comfortable to sleep/relax in,0.001303732225728993
staff,staff,very firm,0.9655919561787982
staff,Staff,very attentive,0.9999073763502224
staff,staff,Not enough,0.010552969412621849
staff,Most of the front of house staff,have a pompous attitude about them,0.0001399471595959767
staff,staff,Couldn‚Äôt open the windows for fresh air,0.021810060822630817
staff,staff,Friendly,0.9999781847956797
staff,staff,friendly,0.9999781847956797
staff,staff,amazing from start to finish,0.9999837875903808
staff,staff,generally really nice,0.9999642374690865
staff,Staff,very attentive,0.9999073763502224
staff,staff,Friendly,0.9999781847956797
staff,concierge staff,even found a vase for my peonies,0.5313586049659875
staff,concierge staff,very helpful,0.9999672176413981
staff,staff,particularly friendly,0.9999766350869521
staff,Mirror bar staff,excellent,0.9999775887436044
staff,staffing,difficulties,0.00048584902010873066
staff,staff,polite,0.9994487883082925
staff,staff,fantastic,0.999984502833982
staff,staff,Nice,0.9999735356682464
staff,staff,did notmonitor the spa,0.006066914820266334
staff,staff,filthy,0.0005800533275603925
staff,staff,ignored,0.002691607371215099
staff,staff,rude,0.00023697523846522017
staff,staff,Very disappointed with the room when it was over ¬£400,0.00045747856124478403
staff,staff,polite,0.9994487883082925
staff,staff,very helpful,0.9999599459865607
staff,staff,Friendly,0.9999781847956797
staff,staff,put a small birthday cake in our room as we were celebrating my husbands 60th birthday,0.5
staff,staff,helpful,0.9998862770795114
staff,staff,lovely,0.9999762774586429
staff,bar staff,also allowed another guest to be extremely rude to a member of our party when we returned to the bar having been for dinner,0.0008028420602528286
staff,floor staff in the restaurant,refused to allow us to move a chair to accommodate our party,0.2286165730429559
staff,staff,friendly.,0.9999750853947376
staff,staff,in need of refurb,0.0403621775741172
staff,Staff at check in,very robotic,0.0011967101174050754
staff,staff,friendly,0.9999781847956797
staff,staff,polite,0.9994487883082925
staff,Staff uniforms,again could be updated,0.9360397932927178
staff,Staff uniforms,drab,0.0003278619591213783
staff,staff,friendly,0.9999781847956797
staff,staff,helpful,0.9998862770795114
staff,food staff and restaurants,where brilliant,0.9999763966569617
staff,Staff in the morning for breakfast,very overwhelmed,0.3984194471674982
staff,Staff,helpful,0.9998862770795114
staff,Staff,nice,0.9999735356682464
staff,We,next to either a lift or staff service area,0.5
staff,Staff,friendly,0.9999781847956797
staff,Staff,impersonal,0.0006668710641086761
staff,Most of the staff,friendly,0.9999773503369624
staff,Most of the staff,pleasant,0.9999817610511172
staff,staff,very professional,0.9999607804576556
staff,Staff,didn't ask us how our stay was after settling the bill,0.5
staff,staff,Nice,0.9999735356682464
staff,staff,Very nice,0.9999700786451626
staff,staff,Rude,0.00023697523846522017
staff,staff,old,0.002262691459176125
staff,door men at the front of hotel reception staff,no,0.0008109565655480822
staff,door men at the front of hotel reception staff,weren‚Äôt overly helpful,0.0053109091273313425
staff,staff,really lovely,0.999975323793052
staff,staff,poor,0.00020598449918907136
staff,staff,nice,0.9999735356682464
staff,staff,a bit relaxed in their services,0.9998433644889388
staff,staff,friendly,0.9999781847956797
staff,staff,did not make it exciting or welcoming for her,0.0004486622786572525
staff,staff,failed to let us know,0.0008428755290879053
staff,politeness of the staff,amazing,0.9999792576783904
staff,staff,not friendly,0.0010316343674645623
staff,Staff,polite,0.9994487883082925
staff,Staff,really friendly,0.9999750853745013
staff,reception staff,amazing,0.9999879598872496
staff,staff,brainless,0.00012814615325851264
staff,staff,had absolutely no idea how to answer the most basic questions,0.0008257251835210866
staff,staff,always on hand to answer any queries you may have,0.9998420522420304
staff,staff,friendly,0.9999781847956797
staff,staff,lovely,0.9999762774586429
staff,staff,/ big,0.9991105980488584
staff,staff,clean,0.9999537472667015
staff,staff,attentive,0.9996920458266914
staff,staff,extremely friendly,0.9999566081937701
staff,staff,very nice,0.9999700786451626
staff,staff,attentive,0.9996920458266914
staff,staff,extremely friendly,0.9999566081937701
staff,member of staff,not very friendly,0.00037076842128414
staff,staff,accommodating,0.9999096412490189
staff,staff,smells incredible,0.9999605420781563
staff,staff,friendly,0.9999781847956797
staff,staff,scrumptious,0.5
staff,staff,so helpful,0.9999541048258891
staff,staff,extra friendly,0.9999816418297769
staff,staff,very good,0.999984860463428
staff,staff,friendly,0.9999781847956797
staff,staff,helpful,0.9998862770795114
staff,staff,Superb,0.9999822378747467
staff,staff,amazing,0.9999854565040778
staff,staff,so helpful,0.9999541048258891
staff,staff,very friendly,0.9999758006243837
staff,staff,can‚Äôt do enough for you when your staying there,0.039941398739237854
staff,staff,Unable to access the pool and spa,0.004387648652432574
staff,staff,absolutely understandable,0.9991949604303656
staff,staff,first rate,0.9999549392082372
staff,staff,Gorgeous,0.9999834299658517
staff,staff,Non detachable,0.005662186940313063
staff,staff,Warm,0.999976277468761
staff,staff,clean,0.9999537472667015
staff,staff,great,0.999981403411013
staff,We,"liked the location, food , environment, staffs and the place",0.9999796152984572
staff,staff,helpful,0.9998862770795114
staff,staff,polite,0.9994487883082925
staff,staff,excellent,0.999981403411013
staff,staff,too slow and unorganised.,0.00014864887268117855
staff,staff,Spacious,0.9999704362701323
staff,staff,friendly,0.9999781847956797
staff,Staff,exceeding my expectations,0.9999639990298874
staff,Staff,very helpful and friendly,0.9999700786499375
staff,staff,Lovely,0.9999762774586429
staff,staff,great,0.999981403411013
staff,staff,very friendly,0.9999758006243837
staff,restaurant,short of staff,0.0007341430446103914
staff,staff,lovely,0.9999762774586429
staff,staff,extremely friendly,0.9999566081937701
staff,staff,helpful,0.9998862770795114
staff,staff,really lovely,0.999975323793052
staff,staff,argued relentlessly even though I had their email stating otherwise,0.0005625318145519032
staff,staff,cheats if they change the policy and rules on arrival,0.0015179286271695958
staff,staff,did not follow what they sent on email,0.0003198737627130299
staff,staff,exceptionally rude,0.000419518148170539
staff,staff,friendly,0.9999781847956797
staff,Staff,friendly,0.9999781847956797
staff,check in staff,unhelpful,0.0003393012497880932
facility,facilities,good,0.999987721474298
facility,facilities,very expensive,0.0012121482402953632
facility,facilities,wonderful,0.9999901056485783
facility,facilities,amazing.,0.9999866486000286
facility,facilities,fantastic,0.9999879598914276
facility,Facilities,impressive,0.9999881983066246
facility,Facilities,just fantastic,0.9999730588614995
facility,parking facility,no,0.015025120428887817
facility,spa facilities,Amazing,0.9999865293848984
facility,facilities,excellent,0.9999854565050015
facility,facilities,beautiful,0.9999898672317045
facility,facilities,fabulous,0.9999871254312893
facility,facilities,available,0.9998652962483447
facility,facilities,stunning,0.9999858141370055
facility,facilities,good,0.999987721474298
facility,spa facilities,luxurious,0.999945283568195
facility,spa facilities,very well maintained,0.9999725819894394
facility,facilities,spot on,0.9999498134501437
facility,We,used the spa facilities,0.9998689922875599
facility,spa facilities,good,0.9999809265807329
facility,spa facilities,exceptional,0.9999850988764081
facility,Spa facilities,great,0.9999787808276324
facility,spa facilities,great,0.9999787808276324
facility,Spa facilities,smelt like fuel for some reason also,0.4322579230817354
facility,facilities,Lack of parking,0.0002238633005617885
facility,facilities,Great,0.9999840260044408
facility,facilities,Huge,0.9998647012910737
facility,Spa facilities,excellent.,0.9999765158757725
facility,facilities,Great,0.9999840260044408
facility,we,unable to use the facility,0.000136729034977634
facility,facilities,clean,0.9999718667700108
facility,Spa facilities,good,0.9999809265807329
facility,facilities,very clean,0.9999622109512529
facility,Spa facilities,not too crowded,0.999840264776978
facility,Spa facilities,very good,0.9999811650014863
facility,facilities,wonderful,0.9999901056485783
facility,COVID restrictions,causing limited use of the spa and pool facilities,0.000691542622281105
facility,facilities,Great,0.9999840260044408
facility,Everything,Lack of parking facilities,0.00017439583598388708
facility,facilities,Great,0.9999840260044408
facility,facilities,excellent,0.9999854565050015
facility,chances of your getting to use the facilities,very slim,0.0002202316816237726
facility,Pool/spa facilities,lovely,0.9999860525532256
facility,facilities,excellent,0.9999854565050015
facility,facilities,so only emitting max heat which turned the room into a sauna,0.03529086934853609
facility,facilities,Brilliant,0.9999887943506565
facility,staff,nice at all facilities,0.9999789000308112
facility,bathroom facilities,Wonderful,0.9999849796755598
facility,facilities,great,0.9999840260044408
facility,facilities,fantastic,0.9999879598914276
facility,facilities in the hotel,not open,0.026480641799579985
facility,facilities,excellent,0.9999854565050015
facility,facilities,Great,0.9999840260044408
facility,spa facilities,very good,0.9999811650014863
facility,tea/ coffee in tea making facilities,Insufficient,0.0027737688525171222
facility,spar facility,amazing,0.9999889135613955
facility,room facilities,good,0.9999837875839148
facility,spa facilities,Great,0.9999787808276324
facility,facilities,contacted me back once when I asked them to,0.3465881542467919
facility,facilities,excellent,0.9999854565050015
facility,spa facilities,good,0.9999809265807329
facility,facilities,Leisure,0.999869588524362
facility,facilities,excellent,0.9999854565050015
facility,most facilities in the hotel,unfortunate,0.00027618953586738826
facility,facilities,nice,0.9999843836308173
facility,facility,amazing,0.9999879598931329
facility,Spa facilities,need upgrading.,0.0025026607712632654
facility,phone charging facilities,No,0.0017073646630052508
facility,Spa facilities,wonderful,0.9999878406805465
facility,room  facilities,may need an refurbishment particularly for the TV,0.0035626094934642083
facility,facilities,decent,0.9985391770487126
facility,Facilities,great,0.9999840260044408
facility,spa facilities,dirty,0.000742954768966797
facility,spa facilities,poor,0.00019680568874491655
facility,spa facilities,not amazing,0.0010374059755378084
facility,room facilities,Poor,0.0004521150368077542
facility,Hotel,"Unable to use the SPA (Sauna, Pool etc) facilities",0.00037530019769604905
facility,spa facilities,a very short amount of time,0.7295791045680851
facility,spa facilities,quality,0.9999667408161201
facility,facilities,not available,0.013393063742363154
facility,service and facilities,too expensive,0.00029091108024204004
facility,facilities,Very expensive,0.0012121482402953632
facility,facilities,not enough,0.0007034599468234148
facility,facilities,open to accommodate capacity guest numbers,0.9916732154235319
facility,facilities,cant tell.,0.0005863664991281325
facility,facilities,just Ok.,0.6022322438944094
facility,facilities,pleasant,0.9999854565084121
facility,coffee/tea facilities,No,0.001506911067011174
facility,spa facility,Very limited,0.0004315571433934906
facility,facilities,great,0.9999840260044408
facility,facilities,impressive,0.9999881983066246
facility,we,really enjoyed ourselves at this facility,0.9999892711864504
cleanliness,location,cleanliness,0.9992856447267116
cleanliness,cleanliness,exceeded expectations,0.9998748339513241
cleanliness,cleanliness,was fixed immediately,0.962748639928801
comfort,It,has consistently provided great service and comfort,0.9999814034198806
comfort,price,very reasonable for the quality and comfort level,0.9924875336785952
comfort,checking in and out,Ease,0.9999743701424961
comfort,location,perfect for ease,0.9999626878083632
comfort,breakfast,a real comfort treat,0.9999808073731629
money,breakfast,not value for money,0.004057721296870653
money,we,felt not the best value for money,0.00035134466395447816
money,Executive Double Room,great value for money,0.9993128717404467
money,I,made us spend our money elsewhere,0.0003483605383394206
money,pancakes,not worth the money,0.0003725591951280194
money,rooms,good value for money,0.9974088086372745
money,Staff,well worth the money,0.9999274025594502
money,bar/restaurant,extremely good value for money,0.9993225229226788
money,family rooms,well worth the money,0.999967813699655
money,food,great value for money,0.9970990817191705
money,I,not really value for money,0.000359444966690603
money,room,didn‚Äôt think it was worth the money,0.0002418636930769935
money,hotel,better value for money,0.9997143331327436
money,Breakfast,not good value for money,0.0013857105925154656
money,I,not value for money in my opinion,0.0011191264841698967
money,Money,much better spent elsewhere,0.00018202505620479315
location,location,fantastic,0.9999839067999119
location,location,convenient,0.9998505161396452
location,hotel location,very good,0.9999870062230798
location,location,easy to get anywhere in central London by tube,0.9996777399595516
location,location,slightly off-centre,0.38561394375830815
location,location,Perfect,0.999974727767551
location,Location,great,0.9999797345018351
location,location,great,0.9999797345018351
location,location,cleanliness,0.9992856447267116
location,location,great,0.9999797345018351
location,location,great,0.9999797345018351
location,location,good,0.9999831915475852
location,location,Amazing,0.9999836683816454
location,location,great,0.9999797345018351
location,Location,lovely,0.9999630454328781
location,location,great,0.9999797345018351
location,location,Great,0.9999797345018351
location,location,too long,0.0034812426718602296
location,locations,great,0.9999796152884812
location,locations,lot of coffee shops and restaurants around the place,0.9691198459888142
location,locations,near to tube and train station,0.4507211212460902
location,location,good,0.9999831915475852
location,location,excellent,0.9999803305489365
location,location,Terrific,0.9999856949295349
location,location,perfect for everything,0.9999787808435485
location,location,Excellent,0.9999803305489365
location,location,close to tube,0.8218506444838667
location,location,very good,0.9999847412622671
location,POSITION,HAD TO WAIT ALMOST 3/4 OF AN HOUR FOR OUR COOKED BREAKFAST,0.09883773200500912
location,location,excellent,0.9999803305489365
location,location,very relaxing,0.999974131736451
location,location,amazing,0.9999836683816454
location,location,great,0.9999797345018351
location,location,Easy access to anywhere you'd wish to go in London,0.9998784093748441
location,location,great,0.9999797345018351
location,location,old,0.002390116292140476
location,Location,exceptional,0.9999855757172327
location,location,great,0.9999797345018351
location,location,Great,0.9999797345018351
location,location,great,0.9999797345018351
location,location,very easy to go shopping,0.999970793898143
location,location,great,0.9999797345018351
location,location,Great,0.9999797345018351
location,location,great,0.9999797345018351
location,location,well maintained,0.9999661447845227
location,location,perfect,0.999974727767551
location,location,right next to underground/train station.,0.5
location,location,perfect,0.999974727767551
location,location,lovely,0.9999630454328781
location,location,perfect,0.999974727767551
location,location,really good,0.9999843836368427
location,Location,luxury.,0.999593832644905
location,someone,came to fix it,0.012522492944448516
location,location,great,0.9999797345018351
location,I,loved the location and the look of the hotel,0.9999867678066607
location,location,"close to many train lines, including one literally outside the back door",0.09306132876459827
location,location,perfect,0.999974727767551
location,location,ideal,0.9999736548870999
location,location,top notch,0.9999790192566707
location,location,excellent,0.9999803305489365
location,location,next to Marylebone station on the Bakerloo line.,0.5
location,location,very comfortable,0.9999789000511043
location,location,Great,0.9999797345018351
location,location,perfect,0.999974727767551
location,location,Excellent,0.9999803305489365
location,location,Great,0.9999797345018351
location,Location,brilliant,0.9999806881719024
location,Location,"close to Regent's Park, Maida Vale and Marylebone Hight St.",0.8374091411271394
location,location,great,0.9999797345018351
location,location,good,0.9999831915475852
location,location,perfect,0.999974727767551
location,location,Great,0.9999797345018351
location,location,very spacious,0.9999779463797154
location,location,Great,0.9999797345018351
location,location,just a stones throw away from all the major attractions in the city,0.019880598513282166
location,location,‚Äúsmells‚Äù like 5 stars.,0.7953652673772567
location,Location,perfect,0.999974727767551
location,location,great,0.9999797345018351
location,location,Great,0.9999797345018351
location,location,Great,0.9999797345018351
location,location,well maintained,0.9999661447845227
location,location,great,0.9999797345018351
location,Hotel location,brilliant,0.9999855757180001
location,location,wonderful,0.9999852180945368
location,location,worth every penny,0.9999210848127404
location,location,Delicious,0.9999835491753402
location,location,Great,0.9999797345018351
location,location,Beautiful,0.9999835491760933
location,location,perfect for ease,0.9999626878083632
location,location,great,0.9999797345018351
location,location,also walking distance to Madame Tussaud and Baker street underground station,0.705504187816075
location,hotel,has so many locations to take beautiful pictures,0.999986648594529
location,location,ideal to pop into shopping in central London,0.9998669662007131
location,location,perfect,0.999974727767551
location,location,within walking distance from Regent‚Äôs Park / Oxford street.,0.5922541108286694
location,location,fantastic,0.9999839067999119
location,Location,Not applicable,0.0034602320283809718
location,Location,perfect for exploring the West End,0.9999618533449706
location,location,perfect,0.999974727767551
location,Location,great,0.9999797345018351
location,Location,"right outside the Marylebone station, literally 30 metres door to door",0.49166665109958174
location,location,Excellent,0.9999803305489365
location,location,all kept to a high standard,0.9982384215980176
location,location,opposite Marylebone Town Hall .,0.4606531291851681
location,location,Great,0.9999797345018351
location,location,great,0.9999797345018351
location,location,Great,0.9999797345018351
location,location,No outward facing window.,0.0005639659696683452
location,location,right behind marylebone train station,0.8170710674506196
location,location,Wonderful,0.9999852180945368
location,location,great,0.9999797345018351
location,location,excellent,0.9999803305489365
location,I,fix it,0.8826425150037096
location,location,perfect,0.999974727767551
location,location,very good,0.9999847412622671
location,location,fabulous,0.999981641841714
location,location,would definitely return,0.9999566081767597
location,location,Great,0.9999797345018351
location,location,friendly,0.9999802113403575
location,location,ideal,0.9999736548870999
location,Location,Great,0.9999797345018351
location,location,amazing,0.9999836683816454
location,location,great,0.9999797345018351
location,location,luxurious,0.9998954558463424
location,location,really only 5-10 mins from all the places you might want to go to as a tourist,0.6070186985639339
location,location,just perfect for us,0.9999715091558414
location,location,Really good,0.9999843836368427
location,location,friendly,0.9999802113403575
location,location,Beautiful,0.9999835491760933
location,Location,made it very easy for us to access major tube routes,0.9974459303193868
location,Location,superb,0.9999833107579548
location,location,very good.,0.9999834299730423
location,location,Good,0.9999831915475852
location,Location,great,0.9999797345018351
location,location,good,0.9999831915475852
location,location,great,0.9999797345018351
location,windows,cannot be opened unless you call them to fix a window handle,0.0027905804746666263
location,location,Great,0.9999797345018351
location,location,good,0.9999831915475852
location,location,Great,0.9999797345018351
location,Location,good.,0.9999815226389046
location,location,Great,0.9999797345018351
location,location,lots of optionsLovely,0.9999200118529075
location,location,Great,0.9999797345018351
location,Location,spot on,0.9999487406004874
location,location,great,0.9999797345018351
location,location,great,0.9999797345018351
location,location,good,0.9999831915475852
location,location,with a subway station right next to the hotel,0.5
location,location,good,0.9999831915475852
location,Location,good,0.9999831915475852
location,location,decided to keep us waiting for almost 10 minutes for our table at the entrance,0.054027020243196944
location,location,great,0.9999797345018351
location,location,Great,0.9999797345018351
location,location,were cleaned very well,0.9999454027855137
location,Location,good,0.9999831915475852
location,location,great,0.9999797345018351
location,location,good close to everthings,0.9999102371017727
location,location,great,0.9999797345018351
location,location,very good,0.9999847412622671
location,Location,excellent,0.9999803305489365
location,location,elt of cigarettes,0.0059637058383579244
location,Location,excellent,0.9999803305489365
location,location,perfectZ.,0.9999214425072296
location,location,Excellent,0.9999803305489365
location,location,Amazing,0.9999836683816454
location,location,Great,0.9999797345018351
location,location,dusty,0.0017515103459366799
location,location,great,0.9999797345018351
location,rooms,could use a refresh with some more socket locations,0.010077316958824412
location,location,fantastic for getting anywhere in London,0.9999635222486205
location,location,not told at booking that,0.03409663965447862
location,location,Good,0.9999831915475852
location,location,near Marylebone.,0.74314163219195
location,location,great,0.9999797345018351
location,location,has not be received,0.0021041043994287634
location,location,good,0.9999831915475852
location,location,good,0.9999831915475852
location,location,Great,0.9999797345018351
location,location,just gets more impersonal every time I visit.,0.021344868304161935
location,location,great,0.9999797345018351
location,Location,perfect for our mini trip away,0.9999071379330644
location,location,Too many COVID restrictions to get the best out of it,0.0011907616134436694
location,location,good,0.9999831915475852
location,location,Good,0.9999831915475852
location,location,in need of renovation.,0.004118495627579932
location,Location,good,0.9999831915475852
location,Location,close to tube.,0.5
location,Baker street,NOT the best location in London,0.00048262909399454657
location,Baker street,NOT the best location in London,0.00048262909399454657
location,Location,good.,0.9999815226389046
location,Location,slow service,0.00022934719363831846
location,location,great,0.9999797345018351
location,location,Excellent,0.9999803305489365
location,location,Great,0.9999797345018351
location,location,comfortable.,0.9999777079755461
location,location,Great,0.9999797345018351
location,Location,good,0.9999831915475852
location,Room the spa the location,fantastic,0.9999753238048186
location,location,central,0.9138445714520529
WiFi,wifi in the business centre,so unstable,0.0008338752356991108
WiFi,wifi,could have been stronger,0.000346812051880363
WiFi,WIFI,did not work,0.00028721533387709997
